{"cameraMode":{"drawMode":0,"name":"Shaded","section":"Shading Mode"},"sceneLighting":true,"audioPlay":false,"sceneViewState":{"showFog":true,"showMaterialUpdate":false,"showSkybox":true,"showFlares":true,"showImageEffects":true,"showParticleSystems":true},"in2DMode":false,"pivot":{"x":1.18896484375,"y":-2.759765625,"z":3.1806640625},"rotation":{"x":0.26292523741722109,"y":0.22603577375411988,"z":-0.06350664049386978,"w":0.9358140826225281},"size":13.489862442016602,"orthographic":true}